--------------------------------------------------------
--  File created - «—πæƒÀ— ∫¥’-µÿ≈“§¡-06-2554   
--------------------------------------------------------
--------------------------------------------------------
--  DDL for Sequence RECEIPT_ID_SEQUENCE
--------------------------------------------------------

   CREATE SEQUENCE  "MANAGER"."RECEIPT_ID_SEQUENCE"  MINVALUE 1 MAXVALUE 9999999999999999999999999999 INCREMENT BY 1 START WITH 141 CACHE 20 NOORDER  NOCYCLE ;
--------------------------------------------------------
--  DDL for Sequence R_ID_SEQ
--------------------------------------------------------

   CREATE SEQUENCE  "MANAGER"."R_ID_SEQ"  MINVALUE 1 MAXVALUE 9999999999999999999999999999 INCREMENT BY 1 START WITH 1 CACHE 20 NOORDER  NOCYCLE ;
--------------------------------------------------------
--  DDL for Sequence TEST_SEQUENCE
--------------------------------------------------------

   CREATE SEQUENCE  "MANAGER"."TEST_SEQUENCE"  MINVALUE 1 MAXVALUE 9999999999999999999999999999 INCREMENT BY 1 START WITH 1 CACHE 20 NOORDER  NOCYCLE ;
--------------------------------------------------------
--  DDL for Table BEVERAGE
--------------------------------------------------------

  CREATE TABLE "MANAGER"."BEVERAGE" 
   (	"ID" NUMBER(*,0), 
	"NAME" VARCHAR2(50)
   ) SEGMENT CREATION IMMEDIATE 
  PCTFREE 10 PCTUSED 40 INITRANS 1 MAXTRANS 255 NOCOMPRESS LOGGING
  STORAGE(INITIAL 65536 NEXT 1048576 MINEXTENTS 1 MAXEXTENTS 2147483645
  PCTINCREASE 0 FREELISTS 1 FREELIST GROUPS 1 BUFFER_POOL DEFAULT FLASH_CACHE DEFAULT CELL_FLASH_CACHE DEFAULT)
  TABLESPACE "USERS" ;
--------------------------------------------------------
--  DDL for Table BEVERAGE_EXTRA
--------------------------------------------------------

  CREATE TABLE "MANAGER"."BEVERAGE_EXTRA" 
   (	"BEVERAGE_TYPE_ID" NUMBER, 
	"EXTRA_ID" NUMBER
   ) SEGMENT CREATION IMMEDIATE 
  PCTFREE 10 PCTUSED 40 INITRANS 1 MAXTRANS 255 NOCOMPRESS LOGGING
  STORAGE(INITIAL 65536 NEXT 1048576 MINEXTENTS 1 MAXEXTENTS 2147483645
  PCTINCREASE 0 FREELISTS 1 FREELIST GROUPS 1 BUFFER_POOL DEFAULT FLASH_CACHE DEFAULT CELL_FLASH_CACHE DEFAULT)
  TABLESPACE "USERS" ;
--------------------------------------------------------
--  DDL for Table BEVERAGE_TYPE
--------------------------------------------------------

  CREATE TABLE "MANAGER"."BEVERAGE_TYPE" 
   (	"BEVERAGE_ID" NUMBER, 
	"TYPE_ID" NUMBER, 
	"ID" NUMBER
   ) SEGMENT CREATION IMMEDIATE 
  PCTFREE 10 PCTUSED 40 INITRANS 1 MAXTRANS 255 NOCOMPRESS LOGGING
  STORAGE(INITIAL 65536 NEXT 1048576 MINEXTENTS 1 MAXEXTENTS 2147483645
  PCTINCREASE 0 FREELISTS 1 FREELIST GROUPS 1 BUFFER_POOL DEFAULT FLASH_CACHE DEFAULT CELL_FLASH_CACHE DEFAULT)
  TABLESPACE "USERS" ;
--------------------------------------------------------
--  DDL for Table EXTRA
--------------------------------------------------------

  CREATE TABLE "MANAGER"."EXTRA" 
   (	"ID" NUMBER(*,0), 
	"NAME" VARCHAR2(50), 
	"PRICE" NUMBER(*,0)
   ) SEGMENT CREATION IMMEDIATE 
  PCTFREE 10 PCTUSED 40 INITRANS 1 MAXTRANS 255 NOCOMPRESS LOGGING
  STORAGE(INITIAL 65536 NEXT 1048576 MINEXTENTS 1 MAXEXTENTS 2147483645
  PCTINCREASE 0 FREELISTS 1 FREELIST GROUPS 1 BUFFER_POOL DEFAULT FLASH_CACHE DEFAULT CELL_FLASH_CACHE DEFAULT)
  TABLESPACE "USERS" ;
--------------------------------------------------------
--  DDL for Table MENU
--------------------------------------------------------

  CREATE TABLE "MANAGER"."MENU" 
   (	"ID" NUMBER, 
	"BEVERAGE_SIZE" VARCHAR2(1), 
	"BEVERAGE_TYPE_ID" NUMBER, 
	"PRICE" NUMBER
   ) SEGMENT CREATION IMMEDIATE 
  PCTFREE 10 PCTUSED 40 INITRANS 1 MAXTRANS 255 NOCOMPRESS LOGGING
  STORAGE(INITIAL 65536 NEXT 1048576 MINEXTENTS 1 MAXEXTENTS 2147483645
  PCTINCREASE 0 FREELISTS 1 FREELIST GROUPS 1 BUFFER_POOL DEFAULT FLASH_CACHE DEFAULT CELL_FLASH_CACHE DEFAULT)
  TABLESPACE "USERS" ;
--------------------------------------------------------
--  DDL for Table RECEIPT
--------------------------------------------------------

  CREATE TABLE "MANAGER"."RECEIPT" 
   (	"ID" NUMBER, 
	"RECEIPT_DATE" DATE
   ) SEGMENT CREATION IMMEDIATE 
  PCTFREE 10 PCTUSED 40 INITRANS 1 MAXTRANS 255 NOCOMPRESS LOGGING
  STORAGE(INITIAL 65536 NEXT 1048576 MINEXTENTS 1 MAXEXTENTS 2147483645
  PCTINCREASE 0 FREELISTS 1 FREELIST GROUPS 1 BUFFER_POOL DEFAULT FLASH_CACHE DEFAULT CELL_FLASH_CACHE DEFAULT)
  TABLESPACE "USERS" ;
--------------------------------------------------------
--  DDL for Table RECEIPT_ITEM
--------------------------------------------------------

  CREATE TABLE "MANAGER"."RECEIPT_ITEM" 
   (	"MENU_ID" NUMBER, 
	"QTY" NUMBER, 
	"RECEIPT_ID" NUMBER, 
	"SUM_PRICE" NUMBER
   ) SEGMENT CREATION IMMEDIATE 
  PCTFREE 10 PCTUSED 40 INITRANS 1 MAXTRANS 255 NOCOMPRESS LOGGING
  STORAGE(INITIAL 65536 NEXT 1048576 MINEXTENTS 1 MAXEXTENTS 2147483645
  PCTINCREASE 0 FREELISTS 1 FREELIST GROUPS 1 BUFFER_POOL DEFAULT FLASH_CACHE DEFAULT CELL_FLASH_CACHE DEFAULT)
  TABLESPACE "USERS" ;
--------------------------------------------------------
--  DDL for Table RECEIPT_ITEM_EXTRA
--------------------------------------------------------

  CREATE TABLE "MANAGER"."RECEIPT_ITEM_EXTRA" 
   (	"RECEIPT_ITEM_ID" NUMBER, 
	"EXTRA_ID" VARCHAR2(20)
   ) SEGMENT CREATION DEFERRED 
  PCTFREE 10 PCTUSED 40 INITRANS 1 MAXTRANS 255 NOCOMPRESS LOGGING
  TABLESPACE "USERS" ;
--------------------------------------------------------
--  DDL for Table TYPE
--------------------------------------------------------

  CREATE TABLE "MANAGER"."TYPE" 
   (	"ID" NUMBER, 
	"NAME" VARCHAR2(50)
   ) SEGMENT CREATION IMMEDIATE 
  PCTFREE 10 PCTUSED 40 INITRANS 1 MAXTRANS 255 NOCOMPRESS LOGGING
  STORAGE(INITIAL 65536 NEXT 1048576 MINEXTENTS 1 MAXEXTENTS 2147483645
  PCTINCREASE 0 FREELISTS 1 FREELIST GROUPS 1 BUFFER_POOL DEFAULT FLASH_CACHE DEFAULT CELL_FLASH_CACHE DEFAULT)
  TABLESPACE "USERS" ;

---------------------------------------------------
--   DATA FOR TABLE BEVERAGE
--   FILTER = none used
---------------------------------------------------
REM INSERTING into MANAGER.BEVERAGE
Insert into MANAGER.BEVERAGE (ID,NAME) values (1,'Black Coffee');
Insert into MANAGER.BEVERAGE (ID,NAME) values (2,'Espresso');
Insert into MANAGER.BEVERAGE (ID,NAME) values (3,'Americano');
Insert into MANAGER.BEVERAGE (ID,NAME) values (4,'Latte');
Insert into MANAGER.BEVERAGE (ID,NAME) values (5,'Cappucino');
Insert into MANAGER.BEVERAGE (ID,NAME) values (6,'Mocha');
Insert into MANAGER.BEVERAGE (ID,NAME) values (7,'White Mocha');
Insert into MANAGER.BEVERAGE (ID,NAME) values (8,'Macchiato');
Insert into MANAGER.BEVERAGE (ID,NAME) values (9,'Chai Tea');
Insert into MANAGER.BEVERAGE (ID,NAME) values (10,'Green Tea Latte');
Insert into MANAGER.BEVERAGE (ID,NAME) values (11,'Tea');
Insert into MANAGER.BEVERAGE (ID,NAME) values (12,'Iced Tea Lemonade');
Insert into MANAGER.BEVERAGE (ID,NAME) values (13,'Apple Cider');
Insert into MANAGER.BEVERAGE (ID,NAME) values (14,'Chocolate');
Insert into MANAGER.BEVERAGE (ID,NAME) values (15,'Vanilla Latte');
Insert into MANAGER.BEVERAGE (ID,NAME) values (16,'Fresh Milk');

---------------------------------------------------
--   END DATA FOR TABLE BEVERAGE
---------------------------------------------------


---------------------------------------------------
--   DATA FOR TABLE BEVERAGE_EXTRA
--   FILTER = none used
---------------------------------------------------
REM INSERTING into MANAGER.BEVERAGE_EXTRA
Insert into MANAGER.BEVERAGE_EXTRA (BEVERAGE_TYPE_ID,EXTRA_ID) values (2,1);
Insert into MANAGER.BEVERAGE_EXTRA (BEVERAGE_TYPE_ID,EXTRA_ID) values (1,2);
Insert into MANAGER.BEVERAGE_EXTRA (BEVERAGE_TYPE_ID,EXTRA_ID) values (3,2);
Insert into MANAGER.BEVERAGE_EXTRA (BEVERAGE_TYPE_ID,EXTRA_ID) values (1,3);
Insert into MANAGER.BEVERAGE_EXTRA (BEVERAGE_TYPE_ID,EXTRA_ID) values (1,4);

---------------------------------------------------
--   END DATA FOR TABLE BEVERAGE_EXTRA
---------------------------------------------------


---------------------------------------------------
--   DATA FOR TABLE BEVERAGE_TYPE
--   FILTER = none used
---------------------------------------------------
REM INSERTING into MANAGER.BEVERAGE_TYPE
Insert into MANAGER.BEVERAGE_TYPE (BEVERAGE_ID,TYPE_ID,ID) values (1,1,1);
Insert into MANAGER.BEVERAGE_TYPE (BEVERAGE_ID,TYPE_ID,ID) values (1,2,2);
Insert into MANAGER.BEVERAGE_TYPE (BEVERAGE_ID,TYPE_ID,ID) values (2,1,3);
Insert into MANAGER.BEVERAGE_TYPE (BEVERAGE_ID,TYPE_ID,ID) values (2,2,4);
Insert into MANAGER.BEVERAGE_TYPE (BEVERAGE_ID,TYPE_ID,ID) values (3,1,5);
Insert into MANAGER.BEVERAGE_TYPE (BEVERAGE_ID,TYPE_ID,ID) values (3,2,6);
Insert into MANAGER.BEVERAGE_TYPE (BEVERAGE_ID,TYPE_ID,ID) values (4,1,7);
Insert into MANAGER.BEVERAGE_TYPE (BEVERAGE_ID,TYPE_ID,ID) values (4,2,8);
Insert into MANAGER.BEVERAGE_TYPE (BEVERAGE_ID,TYPE_ID,ID) values (4,3,9);
Insert into MANAGER.BEVERAGE_TYPE (BEVERAGE_ID,TYPE_ID,ID) values (5,1,10);
Insert into MANAGER.BEVERAGE_TYPE (BEVERAGE_ID,TYPE_ID,ID) values (5,2,11);
Insert into MANAGER.BEVERAGE_TYPE (BEVERAGE_ID,TYPE_ID,ID) values (5,3,12);
Insert into MANAGER.BEVERAGE_TYPE (BEVERAGE_ID,TYPE_ID,ID) values (6,1,13);
Insert into MANAGER.BEVERAGE_TYPE (BEVERAGE_ID,TYPE_ID,ID) values (6,2,14);
Insert into MANAGER.BEVERAGE_TYPE (BEVERAGE_ID,TYPE_ID,ID) values (6,3,15);
Insert into MANAGER.BEVERAGE_TYPE (BEVERAGE_ID,TYPE_ID,ID) values (7,1,16);
Insert into MANAGER.BEVERAGE_TYPE (BEVERAGE_ID,TYPE_ID,ID) values (7,2,17);
Insert into MANAGER.BEVERAGE_TYPE (BEVERAGE_ID,TYPE_ID,ID) values (7,3,18);
Insert into MANAGER.BEVERAGE_TYPE (BEVERAGE_ID,TYPE_ID,ID) values (8,1,19);
Insert into MANAGER.BEVERAGE_TYPE (BEVERAGE_ID,TYPE_ID,ID) values (8,2,20);
Insert into MANAGER.BEVERAGE_TYPE (BEVERAGE_ID,TYPE_ID,ID) values (8,3,21);
Insert into MANAGER.BEVERAGE_TYPE (BEVERAGE_ID,TYPE_ID,ID) values (9,1,22);
Insert into MANAGER.BEVERAGE_TYPE (BEVERAGE_ID,TYPE_ID,ID) values (9,2,23);
Insert into MANAGER.BEVERAGE_TYPE (BEVERAGE_ID,TYPE_ID,ID) values (9,3,24);
Insert into MANAGER.BEVERAGE_TYPE (BEVERAGE_ID,TYPE_ID,ID) values (10,1,25);
Insert into MANAGER.BEVERAGE_TYPE (BEVERAGE_ID,TYPE_ID,ID) values (10,2,26);
Insert into MANAGER.BEVERAGE_TYPE (BEVERAGE_ID,TYPE_ID,ID) values (10,3,27);
Insert into MANAGER.BEVERAGE_TYPE (BEVERAGE_ID,TYPE_ID,ID) values (11,1,28);
Insert into MANAGER.BEVERAGE_TYPE (BEVERAGE_ID,TYPE_ID,ID) values (11,2,29);
Insert into MANAGER.BEVERAGE_TYPE (BEVERAGE_ID,TYPE_ID,ID) values (12,2,30);
Insert into MANAGER.BEVERAGE_TYPE (BEVERAGE_ID,TYPE_ID,ID) values (13,1,31);
Insert into MANAGER.BEVERAGE_TYPE (BEVERAGE_ID,TYPE_ID,ID) values (13,2,32);
Insert into MANAGER.BEVERAGE_TYPE (BEVERAGE_ID,TYPE_ID,ID) values (13,3,33);
Insert into MANAGER.BEVERAGE_TYPE (BEVERAGE_ID,TYPE_ID,ID) values (14,1,34);
Insert into MANAGER.BEVERAGE_TYPE (BEVERAGE_ID,TYPE_ID,ID) values (14,2,35);
Insert into MANAGER.BEVERAGE_TYPE (BEVERAGE_ID,TYPE_ID,ID) values (14,3,36);
Insert into MANAGER.BEVERAGE_TYPE (BEVERAGE_ID,TYPE_ID,ID) values (15,1,37);
Insert into MANAGER.BEVERAGE_TYPE (BEVERAGE_ID,TYPE_ID,ID) values (15,2,38);
Insert into MANAGER.BEVERAGE_TYPE (BEVERAGE_ID,TYPE_ID,ID) values (15,3,39);
Insert into MANAGER.BEVERAGE_TYPE (BEVERAGE_ID,TYPE_ID,ID) values (16,1,40);
Insert into MANAGER.BEVERAGE_TYPE (BEVERAGE_ID,TYPE_ID,ID) values (16,2,41);
Insert into MANAGER.BEVERAGE_TYPE (BEVERAGE_ID,TYPE_ID,ID) values (16,3,42);

---------------------------------------------------
--   END DATA FOR TABLE BEVERAGE_TYPE
---------------------------------------------------


---------------------------------------------------
--   DATA FOR TABLE EXTRA
--   FILTER = none used
---------------------------------------------------
REM INSERTING into MANAGER.EXTRA
Insert into MANAGER.EXTRA (ID,NAME,PRICE) values (1,'Whipped Cream',15);
Insert into MANAGER.EXTRA (ID,NAME,PRICE) values (2,'Cinnamon Syrup',10);
Insert into MANAGER.EXTRA (ID,NAME,PRICE) values (3,'Caramel Syrup',10);
Insert into MANAGER.EXTRA (ID,NAME,PRICE) values (4,'Frosted Mint Syrup',10);
Insert into MANAGER.EXTRA (ID,NAME,PRICE) values (5,'Hazelnut Syrup',10);
Insert into MANAGER.EXTRA (ID,NAME,PRICE) values (6,'Vanilla Syrup',10);
Insert into MANAGER.EXTRA (ID,NAME,PRICE) values (7,'Cookie Syrup',10);
Insert into MANAGER.EXTRA (ID,NAME,PRICE) values (8,'Espresso Shot',15);
Insert into MANAGER.EXTRA (ID,NAME,PRICE) values (9,'Soy Milk',15);
Insert into MANAGER.EXTRA (ID,NAME,PRICE) values (10,'Half & Half',15);

---------------------------------------------------
--   END DATA FOR TABLE EXTRA
---------------------------------------------------


---------------------------------------------------
--   DATA FOR TABLE MENU
--   FILTER = none used
---------------------------------------------------
REM INSERTING into MANAGER.MENU
Insert into MANAGER.MENU (ID,BEVERAGE_SIZE,BEVERAGE_TYPE_ID,PRICE) values (1,'S',1,40);
Insert into MANAGER.MENU (ID,BEVERAGE_SIZE,BEVERAGE_TYPE_ID,PRICE) values (2,'M',1,50);
Insert into MANAGER.MENU (ID,BEVERAGE_SIZE,BEVERAGE_TYPE_ID,PRICE) values (3,'L',1,60);
Insert into MANAGER.MENU (ID,BEVERAGE_SIZE,BEVERAGE_TYPE_ID,PRICE) values (97,'S',33,75);
Insert into MANAGER.MENU (ID,BEVERAGE_SIZE,BEVERAGE_TYPE_ID,PRICE) values (98,'M',33,100);
Insert into MANAGER.MENU (ID,BEVERAGE_SIZE,BEVERAGE_TYPE_ID,PRICE) values (99,'L',33,125);
Insert into MANAGER.MENU (ID,BEVERAGE_SIZE,BEVERAGE_TYPE_ID,PRICE) values (100,'S',34,75);
Insert into MANAGER.MENU (ID,BEVERAGE_SIZE,BEVERAGE_TYPE_ID,PRICE) values (101,'M',34,100);
Insert into MANAGER.MENU (ID,BEVERAGE_SIZE,BEVERAGE_TYPE_ID,PRICE) values (102,'L',34,125);
Insert into MANAGER.MENU (ID,BEVERAGE_SIZE,BEVERAGE_TYPE_ID,PRICE) values (103,'S',35,75);
Insert into MANAGER.MENU (ID,BEVERAGE_SIZE,BEVERAGE_TYPE_ID,PRICE) values (104,'M',35,100);
Insert into MANAGER.MENU (ID,BEVERAGE_SIZE,BEVERAGE_TYPE_ID,PRICE) values (105,'L',35,125);
Insert into MANAGER.MENU (ID,BEVERAGE_SIZE,BEVERAGE_TYPE_ID,PRICE) values (106,'S',36,75);
Insert into MANAGER.MENU (ID,BEVERAGE_SIZE,BEVERAGE_TYPE_ID,PRICE) values (107,'M',36,100);
Insert into MANAGER.MENU (ID,BEVERAGE_SIZE,BEVERAGE_TYPE_ID,PRICE) values (108,'L',36,125);
Insert into MANAGER.MENU (ID,BEVERAGE_SIZE,BEVERAGE_TYPE_ID,PRICE) values (109,'S',37,75);
Insert into MANAGER.MENU (ID,BEVERAGE_SIZE,BEVERAGE_TYPE_ID,PRICE) values (110,'M',37,100);
Insert into MANAGER.MENU (ID,BEVERAGE_SIZE,BEVERAGE_TYPE_ID,PRICE) values (111,'L',37,125);
Insert into MANAGER.MENU (ID,BEVERAGE_SIZE,BEVERAGE_TYPE_ID,PRICE) values (112,'S',38,75);
Insert into MANAGER.MENU (ID,BEVERAGE_SIZE,BEVERAGE_TYPE_ID,PRICE) values (113,'M',38,100);
Insert into MANAGER.MENU (ID,BEVERAGE_SIZE,BEVERAGE_TYPE_ID,PRICE) values (114,'L',38,125);
Insert into MANAGER.MENU (ID,BEVERAGE_SIZE,BEVERAGE_TYPE_ID,PRICE) values (115,'S',39,75);
Insert into MANAGER.MENU (ID,BEVERAGE_SIZE,BEVERAGE_TYPE_ID,PRICE) values (116,'M',39,100);
Insert into MANAGER.MENU (ID,BEVERAGE_SIZE,BEVERAGE_TYPE_ID,PRICE) values (117,'L',39,125);
Insert into MANAGER.MENU (ID,BEVERAGE_SIZE,BEVERAGE_TYPE_ID,PRICE) values (118,'S',40,75);
Insert into MANAGER.MENU (ID,BEVERAGE_SIZE,BEVERAGE_TYPE_ID,PRICE) values (119,'M',40,100);
Insert into MANAGER.MENU (ID,BEVERAGE_SIZE,BEVERAGE_TYPE_ID,PRICE) values (120,'L',40,125);
Insert into MANAGER.MENU (ID,BEVERAGE_SIZE,BEVERAGE_TYPE_ID,PRICE) values (121,'S',41,75);
Insert into MANAGER.MENU (ID,BEVERAGE_SIZE,BEVERAGE_TYPE_ID,PRICE) values (122,'M',41,100);
Insert into MANAGER.MENU (ID,BEVERAGE_SIZE,BEVERAGE_TYPE_ID,PRICE) values (123,'L',41,125);
Insert into MANAGER.MENU (ID,BEVERAGE_SIZE,BEVERAGE_TYPE_ID,PRICE) values (124,'S',42,75);
Insert into MANAGER.MENU (ID,BEVERAGE_SIZE,BEVERAGE_TYPE_ID,PRICE) values (125,'M',42,100);
Insert into MANAGER.MENU (ID,BEVERAGE_SIZE,BEVERAGE_TYPE_ID,PRICE) values (126,'L',42,125);
Insert into MANAGER.MENU (ID,BEVERAGE_SIZE,BEVERAGE_TYPE_ID,PRICE) values (4,'S',2,50);
Insert into MANAGER.MENU (ID,BEVERAGE_SIZE,BEVERAGE_TYPE_ID,PRICE) values (5,'M',2,60);
Insert into MANAGER.MENU (ID,BEVERAGE_SIZE,BEVERAGE_TYPE_ID,PRICE) values (6,'L',2,70);
Insert into MANAGER.MENU (ID,BEVERAGE_SIZE,BEVERAGE_TYPE_ID,PRICE) values (7,'S',3,40);
Insert into MANAGER.MENU (ID,BEVERAGE_SIZE,BEVERAGE_TYPE_ID,PRICE) values (8,'M',3,50);
Insert into MANAGER.MENU (ID,BEVERAGE_SIZE,BEVERAGE_TYPE_ID,PRICE) values (9,'L',3,60);
Insert into MANAGER.MENU (ID,BEVERAGE_SIZE,BEVERAGE_TYPE_ID,PRICE) values (10,'S',4,50);
Insert into MANAGER.MENU (ID,BEVERAGE_SIZE,BEVERAGE_TYPE_ID,PRICE) values (11,'M',4,60);
Insert into MANAGER.MENU (ID,BEVERAGE_SIZE,BEVERAGE_TYPE_ID,PRICE) values (12,'L',4,70);
Insert into MANAGER.MENU (ID,BEVERAGE_SIZE,BEVERAGE_TYPE_ID,PRICE) values (13,'S',5,45);
Insert into MANAGER.MENU (ID,BEVERAGE_SIZE,BEVERAGE_TYPE_ID,PRICE) values (14,'M',5,55);
Insert into MANAGER.MENU (ID,BEVERAGE_SIZE,BEVERAGE_TYPE_ID,PRICE) values (15,'L',5,65);
Insert into MANAGER.MENU (ID,BEVERAGE_SIZE,BEVERAGE_TYPE_ID,PRICE) values (16,'S',6,55);
Insert into MANAGER.MENU (ID,BEVERAGE_SIZE,BEVERAGE_TYPE_ID,PRICE) values (17,'M',6,65);
Insert into MANAGER.MENU (ID,BEVERAGE_SIZE,BEVERAGE_TYPE_ID,PRICE) values (18,'L',6,75);
Insert into MANAGER.MENU (ID,BEVERAGE_SIZE,BEVERAGE_TYPE_ID,PRICE) values (19,'S',7,60);
Insert into MANAGER.MENU (ID,BEVERAGE_SIZE,BEVERAGE_TYPE_ID,PRICE) values (20,'M',7,75);
Insert into MANAGER.MENU (ID,BEVERAGE_SIZE,BEVERAGE_TYPE_ID,PRICE) values (21,'L',7,90);
Insert into MANAGER.MENU (ID,BEVERAGE_SIZE,BEVERAGE_TYPE_ID,PRICE) values (22,'S',8,70);
Insert into MANAGER.MENU (ID,BEVERAGE_SIZE,BEVERAGE_TYPE_ID,PRICE) values (23,'M',8,85);
Insert into MANAGER.MENU (ID,BEVERAGE_SIZE,BEVERAGE_TYPE_ID,PRICE) values (24,'L',8,100);
Insert into MANAGER.MENU (ID,BEVERAGE_SIZE,BEVERAGE_TYPE_ID,PRICE) values (25,'S',9,80);
Insert into MANAGER.MENU (ID,BEVERAGE_SIZE,BEVERAGE_TYPE_ID,PRICE) values (26,'M',9,95);
Insert into MANAGER.MENU (ID,BEVERAGE_SIZE,BEVERAGE_TYPE_ID,PRICE) values (27,'L',9,110);
Insert into MANAGER.MENU (ID,BEVERAGE_SIZE,BEVERAGE_TYPE_ID,PRICE) values (28,'S',10,60);
Insert into MANAGER.MENU (ID,BEVERAGE_SIZE,BEVERAGE_TYPE_ID,PRICE) values (29,'M',10,75);
Insert into MANAGER.MENU (ID,BEVERAGE_SIZE,BEVERAGE_TYPE_ID,PRICE) values (30,'L',10,90);
Insert into MANAGER.MENU (ID,BEVERAGE_SIZE,BEVERAGE_TYPE_ID,PRICE) values (31,'S',11,70);
Insert into MANAGER.MENU (ID,BEVERAGE_SIZE,BEVERAGE_TYPE_ID,PRICE) values (32,'M',11,85);
Insert into MANAGER.MENU (ID,BEVERAGE_SIZE,BEVERAGE_TYPE_ID,PRICE) values (33,'L',11,100);
Insert into MANAGER.MENU (ID,BEVERAGE_SIZE,BEVERAGE_TYPE_ID,PRICE) values (34,'S',12,80);
Insert into MANAGER.MENU (ID,BEVERAGE_SIZE,BEVERAGE_TYPE_ID,PRICE) values (35,'M',12,95);
Insert into MANAGER.MENU (ID,BEVERAGE_SIZE,BEVERAGE_TYPE_ID,PRICE) values (36,'L',12,110);
Insert into MANAGER.MENU (ID,BEVERAGE_SIZE,BEVERAGE_TYPE_ID,PRICE) values (37,'S',13,70);
Insert into MANAGER.MENU (ID,BEVERAGE_SIZE,BEVERAGE_TYPE_ID,PRICE) values (38,'M',13,85);
Insert into MANAGER.MENU (ID,BEVERAGE_SIZE,BEVERAGE_TYPE_ID,PRICE) values (39,'L',13,100);
Insert into MANAGER.MENU (ID,BEVERAGE_SIZE,BEVERAGE_TYPE_ID,PRICE) values (40,'S',14,80);
Insert into MANAGER.MENU (ID,BEVERAGE_SIZE,BEVERAGE_TYPE_ID,PRICE) values (41,'M',14,95);
Insert into MANAGER.MENU (ID,BEVERAGE_SIZE,BEVERAGE_TYPE_ID,PRICE) values (42,'L',14,110);
Insert into MANAGER.MENU (ID,BEVERAGE_SIZE,BEVERAGE_TYPE_ID,PRICE) values (43,'S',15,90);
Insert into MANAGER.MENU (ID,BEVERAGE_SIZE,BEVERAGE_TYPE_ID,PRICE) values (44,'M',15,105);
Insert into MANAGER.MENU (ID,BEVERAGE_SIZE,BEVERAGE_TYPE_ID,PRICE) values (45,'L',15,120);
Insert into MANAGER.MENU (ID,BEVERAGE_SIZE,BEVERAGE_TYPE_ID,PRICE) values (46,'S',16,80);
Insert into MANAGER.MENU (ID,BEVERAGE_SIZE,BEVERAGE_TYPE_ID,PRICE) values (47,'M',16,95);
Insert into MANAGER.MENU (ID,BEVERAGE_SIZE,BEVERAGE_TYPE_ID,PRICE) values (48,'L',16,110);
Insert into MANAGER.MENU (ID,BEVERAGE_SIZE,BEVERAGE_TYPE_ID,PRICE) values (49,'S',17,90);
Insert into MANAGER.MENU (ID,BEVERAGE_SIZE,BEVERAGE_TYPE_ID,PRICE) values (50,'M',17,105);
Insert into MANAGER.MENU (ID,BEVERAGE_SIZE,BEVERAGE_TYPE_ID,PRICE) values (51,'L',17,120);
Insert into MANAGER.MENU (ID,BEVERAGE_SIZE,BEVERAGE_TYPE_ID,PRICE) values (52,'S',18,100);
Insert into MANAGER.MENU (ID,BEVERAGE_SIZE,BEVERAGE_TYPE_ID,PRICE) values (53,'M',18,115);
Insert into MANAGER.MENU (ID,BEVERAGE_SIZE,BEVERAGE_TYPE_ID,PRICE) values (54,'L',18,130);
Insert into MANAGER.MENU (ID,BEVERAGE_SIZE,BEVERAGE_TYPE_ID,PRICE) values (55,'S',19,110);
Insert into MANAGER.MENU (ID,BEVERAGE_SIZE,BEVERAGE_TYPE_ID,PRICE) values (56,'M',19,120);
Insert into MANAGER.MENU (ID,BEVERAGE_SIZE,BEVERAGE_TYPE_ID,PRICE) values (57,'L',19,130);
Insert into MANAGER.MENU (ID,BEVERAGE_SIZE,BEVERAGE_TYPE_ID,PRICE) values (58,'S',20,75);
Insert into MANAGER.MENU (ID,BEVERAGE_SIZE,BEVERAGE_TYPE_ID,PRICE) values (59,'M',20,100);
Insert into MANAGER.MENU (ID,BEVERAGE_SIZE,BEVERAGE_TYPE_ID,PRICE) values (60,'L',20,125);
Insert into MANAGER.MENU (ID,BEVERAGE_SIZE,BEVERAGE_TYPE_ID,PRICE) values (61,'S',21,75);
Insert into MANAGER.MENU (ID,BEVERAGE_SIZE,BEVERAGE_TYPE_ID,PRICE) values (62,'M',21,100);
Insert into MANAGER.MENU (ID,BEVERAGE_SIZE,BEVERAGE_TYPE_ID,PRICE) values (63,'L',21,125);
Insert into MANAGER.MENU (ID,BEVERAGE_SIZE,BEVERAGE_TYPE_ID,PRICE) values (64,'S',22,75);
Insert into MANAGER.MENU (ID,BEVERAGE_SIZE,BEVERAGE_TYPE_ID,PRICE) values (65,'M',22,100);
Insert into MANAGER.MENU (ID,BEVERAGE_SIZE,BEVERAGE_TYPE_ID,PRICE) values (66,'L',22,125);
Insert into MANAGER.MENU (ID,BEVERAGE_SIZE,BEVERAGE_TYPE_ID,PRICE) values (67,'S',23,75);
Insert into MANAGER.MENU (ID,BEVERAGE_SIZE,BEVERAGE_TYPE_ID,PRICE) values (68,'M',23,100);
Insert into MANAGER.MENU (ID,BEVERAGE_SIZE,BEVERAGE_TYPE_ID,PRICE) values (69,'L',23,125);
Insert into MANAGER.MENU (ID,BEVERAGE_SIZE,BEVERAGE_TYPE_ID,PRICE) values (70,'S',24,75);
Insert into MANAGER.MENU (ID,BEVERAGE_SIZE,BEVERAGE_TYPE_ID,PRICE) values (71,'M',24,100);
Insert into MANAGER.MENU (ID,BEVERAGE_SIZE,BEVERAGE_TYPE_ID,PRICE) values (72,'L',24,125);
Insert into MANAGER.MENU (ID,BEVERAGE_SIZE,BEVERAGE_TYPE_ID,PRICE) values (73,'S',25,75);
Insert into MANAGER.MENU (ID,BEVERAGE_SIZE,BEVERAGE_TYPE_ID,PRICE) values (74,'M',25,100);
Insert into MANAGER.MENU (ID,BEVERAGE_SIZE,BEVERAGE_TYPE_ID,PRICE) values (75,'L',25,125);
Insert into MANAGER.MENU (ID,BEVERAGE_SIZE,BEVERAGE_TYPE_ID,PRICE) values (76,'S',26,75);
Insert into MANAGER.MENU (ID,BEVERAGE_SIZE,BEVERAGE_TYPE_ID,PRICE) values (77,'M',26,100);
Insert into MANAGER.MENU (ID,BEVERAGE_SIZE,BEVERAGE_TYPE_ID,PRICE) values (78,'L',26,125);
Insert into MANAGER.MENU (ID,BEVERAGE_SIZE,BEVERAGE_TYPE_ID,PRICE) values (79,'S',27,75);
Insert into MANAGER.MENU (ID,BEVERAGE_SIZE,BEVERAGE_TYPE_ID,PRICE) values (80,'M',27,100);
Insert into MANAGER.MENU (ID,BEVERAGE_SIZE,BEVERAGE_TYPE_ID,PRICE) values (81,'L',27,125);
Insert into MANAGER.MENU (ID,BEVERAGE_SIZE,BEVERAGE_TYPE_ID,PRICE) values (82,'S',28,75);
Insert into MANAGER.MENU (ID,BEVERAGE_SIZE,BEVERAGE_TYPE_ID,PRICE) values (83,'M',28,100);
Insert into MANAGER.MENU (ID,BEVERAGE_SIZE,BEVERAGE_TYPE_ID,PRICE) values (84,'L',38,125);
Insert into MANAGER.MENU (ID,BEVERAGE_SIZE,BEVERAGE_TYPE_ID,PRICE) values (85,'S',29,75);
Insert into MANAGER.MENU (ID,BEVERAGE_SIZE,BEVERAGE_TYPE_ID,PRICE) values (86,'M',29,100);
Insert into MANAGER.MENU (ID,BEVERAGE_SIZE,BEVERAGE_TYPE_ID,PRICE) values (87,'L',29,125);
Insert into MANAGER.MENU (ID,BEVERAGE_SIZE,BEVERAGE_TYPE_ID,PRICE) values (88,'S',30,75);
Insert into MANAGER.MENU (ID,BEVERAGE_SIZE,BEVERAGE_TYPE_ID,PRICE) values (89,'M',30,100);
Insert into MANAGER.MENU (ID,BEVERAGE_SIZE,BEVERAGE_TYPE_ID,PRICE) values (90,'L',30,125);
Insert into MANAGER.MENU (ID,BEVERAGE_SIZE,BEVERAGE_TYPE_ID,PRICE) values (91,'S',31,75);
Insert into MANAGER.MENU (ID,BEVERAGE_SIZE,BEVERAGE_TYPE_ID,PRICE) values (92,'M',31,100);
Insert into MANAGER.MENU (ID,BEVERAGE_SIZE,BEVERAGE_TYPE_ID,PRICE) values (93,'L',31,125);
Insert into MANAGER.MENU (ID,BEVERAGE_SIZE,BEVERAGE_TYPE_ID,PRICE) values (94,'S',32,75);
Insert into MANAGER.MENU (ID,BEVERAGE_SIZE,BEVERAGE_TYPE_ID,PRICE) values (95,'M',32,100);
Insert into MANAGER.MENU (ID,BEVERAGE_SIZE,BEVERAGE_TYPE_ID,PRICE) values (96,'L',32,125);

---------------------------------------------------
--   END DATA FOR TABLE MENU
---------------------------------------------------


---------------------------------------------------
--   DATA FOR TABLE RECEIPT
--   FILTER = none used
---------------------------------------------------
REM INSERTING into MANAGER.RECEIPT
Insert into MANAGER.RECEIPT (ID,RECEIPT_DATE) values (44,to_timestamp('22-SEP-11 12.09.12.000000000 AM','DD-MON-RR HH.MI.SS.FF AM'));
Insert into MANAGER.RECEIPT (ID,RECEIPT_DATE) values (61,to_timestamp('22-SEP-11 10.19.12.000000000 PM','DD-MON-RR HH.MI.SS.FF AM'));
Insert into MANAGER.RECEIPT (ID,RECEIPT_DATE) values (63,to_timestamp('22-SEP-11 10.44.14.000000000 PM','DD-MON-RR HH.MI.SS.FF AM'));
Insert into MANAGER.RECEIPT (ID,RECEIPT_DATE) values (81,to_timestamp('23-SEP-11 04.39.05.000000000 AM','DD-MON-RR HH.MI.SS.FF AM'));
Insert into MANAGER.RECEIPT (ID,RECEIPT_DATE) values (83,to_timestamp('23-SEP-11 05.00.58.000000000 AM','DD-MON-RR HH.MI.SS.FF AM'));
Insert into MANAGER.RECEIPT (ID,RECEIPT_DATE) values (85,to_timestamp('23-SEP-11 05.04.02.000000000 AM','DD-MON-RR HH.MI.SS.FF AM'));
Insert into MANAGER.RECEIPT (ID,RECEIPT_DATE) values (87,to_timestamp('23-SEP-11 05.38.47.000000000 AM','DD-MON-RR HH.MI.SS.FF AM'));
Insert into MANAGER.RECEIPT (ID,RECEIPT_DATE) values (43,to_timestamp('21-SEP-11 11.39.48.000000000 PM','DD-MON-RR HH.MI.SS.FF AM'));
Insert into MANAGER.RECEIPT (ID,RECEIPT_DATE) values (101,to_timestamp('23-SEP-11 08.32.55.000000000 AM','DD-MON-RR HH.MI.SS.FF AM'));
Insert into MANAGER.RECEIPT (ID,RECEIPT_DATE) values (124,to_timestamp('23-SEP-11 09.01.39.000000000 AM','DD-MON-RR HH.MI.SS.FF AM'));
Insert into MANAGER.RECEIPT (ID,RECEIPT_DATE) values (125,to_timestamp('23-SEP-11 09.02.49.000000000 AM','DD-MON-RR HH.MI.SS.FF AM'));
Insert into MANAGER.RECEIPT (ID,RECEIPT_DATE) values (129,to_timestamp('23-SEP-11 09.25.49.000000000 AM','DD-MON-RR HH.MI.SS.FF AM'));
Insert into MANAGER.RECEIPT (ID,RECEIPT_DATE) values (130,to_timestamp('23-SEP-11 09.40.50.000000000 AM','DD-MON-RR HH.MI.SS.FF AM'));
Insert into MANAGER.RECEIPT (ID,RECEIPT_DATE) values (131,to_timestamp('23-SEP-11 09.57.50.000000000 AM','DD-MON-RR HH.MI.SS.FF AM'));
Insert into MANAGER.RECEIPT (ID,RECEIPT_DATE) values (82,to_timestamp('23-SEP-11 04.57.40.000000000 AM','DD-MON-RR HH.MI.SS.FF AM'));
Insert into MANAGER.RECEIPT (ID,RECEIPT_DATE) values (84,to_timestamp('23-SEP-11 05.03.34.000000000 AM','DD-MON-RR HH.MI.SS.FF AM'));
Insert into MANAGER.RECEIPT (ID,RECEIPT_DATE) values (86,to_timestamp('23-SEP-11 05.09.27.000000000 AM','DD-MON-RR HH.MI.SS.FF AM'));
Insert into MANAGER.RECEIPT (ID,RECEIPT_DATE) values (62,to_timestamp('22-SEP-11 10.22.35.000000000 PM','DD-MON-RR HH.MI.SS.FF AM'));
Insert into MANAGER.RECEIPT (ID,RECEIPT_DATE) values (64,to_timestamp('22-SEP-11 10.52.43.000000000 PM','DD-MON-RR HH.MI.SS.FF AM'));
Insert into MANAGER.RECEIPT (ID,RECEIPT_DATE) values (65,to_timestamp('22-SEP-11 10.52.55.000000000 PM','DD-MON-RR HH.MI.SS.FF AM'));
Insert into MANAGER.RECEIPT (ID,RECEIPT_DATE) values (121,to_timestamp('23-SEP-11 08.43.06.000000000 AM','DD-MON-RR HH.MI.SS.FF AM'));
Insert into MANAGER.RECEIPT (ID,RECEIPT_DATE) values (122,to_timestamp('23-SEP-11 08.51.29.000000000 AM','DD-MON-RR HH.MI.SS.FF AM'));
Insert into MANAGER.RECEIPT (ID,RECEIPT_DATE) values (123,to_timestamp('23-SEP-11 09.00.20.000000000 AM','DD-MON-RR HH.MI.SS.FF AM'));
Insert into MANAGER.RECEIPT (ID,RECEIPT_DATE) values (126,to_timestamp('23-SEP-11 09.03.58.000000000 AM','DD-MON-RR HH.MI.SS.FF AM'));
Insert into MANAGER.RECEIPT (ID,RECEIPT_DATE) values (127,to_timestamp('23-SEP-11 09.05.25.000000000 AM','DD-MON-RR HH.MI.SS.FF AM'));
Insert into MANAGER.RECEIPT (ID,RECEIPT_DATE) values (128,to_timestamp('23-SEP-11 09.23.09.000000000 AM','DD-MON-RR HH.MI.SS.FF AM'));
Insert into MANAGER.RECEIPT (ID,RECEIPT_DATE) values (132,to_timestamp('23-SEP-11 10.33.34.000000000 AM','DD-MON-RR HH.MI.SS.FF AM'));
Insert into MANAGER.RECEIPT (ID,RECEIPT_DATE) values (133,to_timestamp('23-SEP-11 10.59.13.000000000 AM','DD-MON-RR HH.MI.SS.FF AM'));

---------------------------------------------------
--   END DATA FOR TABLE RECEIPT
---------------------------------------------------


---------------------------------------------------
--   DATA FOR TABLE RECEIPT_ITEM
--   FILTER = none used
---------------------------------------------------
REM INSERTING into MANAGER.RECEIPT_ITEM
Insert into MANAGER.RECEIPT_ITEM (MENU_ID,QTY,RECEIPT_ID,SUM_PRICE) values (18,1,44,75);
Insert into MANAGER.RECEIPT_ITEM (MENU_ID,QTY,RECEIPT_ID,SUM_PRICE) values (1,7,44,280);
Insert into MANAGER.RECEIPT_ITEM (MENU_ID,QTY,RECEIPT_ID,SUM_PRICE) values (4,3,61,150);
Insert into MANAGER.RECEIPT_ITEM (MENU_ID,QTY,RECEIPT_ID,SUM_PRICE) values (33,1,61,100);
Insert into MANAGER.RECEIPT_ITEM (MENU_ID,QTY,RECEIPT_ID,SUM_PRICE) values (7,1,61,40);
Insert into MANAGER.RECEIPT_ITEM (MENU_ID,QTY,RECEIPT_ID,SUM_PRICE) values (13,1,63,45);
Insert into MANAGER.RECEIPT_ITEM (MENU_ID,QTY,RECEIPT_ID,SUM_PRICE) values (5,8,63,480);
Insert into MANAGER.RECEIPT_ITEM (MENU_ID,QTY,RECEIPT_ID,SUM_PRICE) values (33,1,63,100);
Insert into MANAGER.RECEIPT_ITEM (MENU_ID,QTY,RECEIPT_ID,SUM_PRICE) values (13,1,81,45);
Insert into MANAGER.RECEIPT_ITEM (MENU_ID,QTY,RECEIPT_ID,SUM_PRICE) values (14,1,83,55);
Insert into MANAGER.RECEIPT_ITEM (MENU_ID,QTY,RECEIPT_ID,SUM_PRICE) values (14,1,85,55);
Insert into MANAGER.RECEIPT_ITEM (MENU_ID,QTY,RECEIPT_ID,SUM_PRICE) values (4,1,85,50);
Insert into MANAGER.RECEIPT_ITEM (MENU_ID,QTY,RECEIPT_ID,SUM_PRICE) values (29,1,85,75);
Insert into MANAGER.RECEIPT_ITEM (MENU_ID,QTY,RECEIPT_ID,SUM_PRICE) values (13,1,87,45);
Insert into MANAGER.RECEIPT_ITEM (MENU_ID,QTY,RECEIPT_ID,SUM_PRICE) values (6,1,87,70);
Insert into MANAGER.RECEIPT_ITEM (MENU_ID,QTY,RECEIPT_ID,SUM_PRICE) values (28,1,87,60);
Insert into MANAGER.RECEIPT_ITEM (MENU_ID,QTY,RECEIPT_ID,SUM_PRICE) values (91,1,101,75);
Insert into MANAGER.RECEIPT_ITEM (MENU_ID,QTY,RECEIPT_ID,SUM_PRICE) values (33,1,101,100);
Insert into MANAGER.RECEIPT_ITEM (MENU_ID,QTY,RECEIPT_ID,SUM_PRICE) values (8,1,101,50);
Insert into MANAGER.RECEIPT_ITEM (MENU_ID,QTY,RECEIPT_ID,SUM_PRICE) values (73,1,101,75);
Insert into MANAGER.RECEIPT_ITEM (MENU_ID,QTY,RECEIPT_ID,SUM_PRICE) values (119,1,101,100);
Insert into MANAGER.RECEIPT_ITEM (MENU_ID,QTY,RECEIPT_ID,SUM_PRICE) values (32,1,101,85);
Insert into MANAGER.RECEIPT_ITEM (MENU_ID,QTY,RECEIPT_ID,SUM_PRICE) values (18,2,124,150);
Insert into MANAGER.RECEIPT_ITEM (MENU_ID,QTY,RECEIPT_ID,SUM_PRICE) values (86,1,124,100);
Insert into MANAGER.RECEIPT_ITEM (MENU_ID,QTY,RECEIPT_ID,SUM_PRICE) values (4,1,125,50);
Insert into MANAGER.RECEIPT_ITEM (MENU_ID,QTY,RECEIPT_ID,SUM_PRICE) values (67,5,125,375);
Insert into MANAGER.RECEIPT_ITEM (MENU_ID,QTY,RECEIPT_ID,SUM_PRICE) values (95,1,129,100);
Insert into MANAGER.RECEIPT_ITEM (MENU_ID,QTY,RECEIPT_ID,SUM_PRICE) values (65,2,129,200);
Insert into MANAGER.RECEIPT_ITEM (MENU_ID,QTY,RECEIPT_ID,SUM_PRICE) values (5,2,129,120);
Insert into MANAGER.RECEIPT_ITEM (MENU_ID,QTY,RECEIPT_ID,SUM_PRICE) values (65,1,130,100);
Insert into MANAGER.RECEIPT_ITEM (MENU_ID,QTY,RECEIPT_ID,SUM_PRICE) values (4,1,130,50);
Insert into MANAGER.RECEIPT_ITEM (MENU_ID,QTY,RECEIPT_ID,SUM_PRICE) values (69,5,130,625);
Insert into MANAGER.RECEIPT_ITEM (MENU_ID,QTY,RECEIPT_ID,SUM_PRICE) values (95,1,131,100);
Insert into MANAGER.RECEIPT_ITEM (MENU_ID,QTY,RECEIPT_ID,SUM_PRICE) values (118,1,131,75);
Insert into MANAGER.RECEIPT_ITEM (MENU_ID,QTY,RECEIPT_ID,SUM_PRICE) values (13,1,82,45);
Insert into MANAGER.RECEIPT_ITEM (MENU_ID,QTY,RECEIPT_ID,SUM_PRICE) values (13,1,84,45);
Insert into MANAGER.RECEIPT_ITEM (MENU_ID,QTY,RECEIPT_ID,SUM_PRICE) values (3,1,84,60);
Insert into MANAGER.RECEIPT_ITEM (MENU_ID,QTY,RECEIPT_ID,SUM_PRICE) values (14,4,86,220);
Insert into MANAGER.RECEIPT_ITEM (MENU_ID,QTY,RECEIPT_ID,SUM_PRICE) values (7,1,86,40);
Insert into MANAGER.RECEIPT_ITEM (MENU_ID,QTY,RECEIPT_ID,SUM_PRICE) values (6,1,86,70);
Insert into MANAGER.RECEIPT_ITEM (MENU_ID,QTY,RECEIPT_ID,SUM_PRICE) values (13,1,62,45);
Insert into MANAGER.RECEIPT_ITEM (MENU_ID,QTY,RECEIPT_ID,SUM_PRICE) values (6,1,62,70);
Insert into MANAGER.RECEIPT_ITEM (MENU_ID,QTY,RECEIPT_ID,SUM_PRICE) values (8,1,62,50);
Insert into MANAGER.RECEIPT_ITEM (MENU_ID,QTY,RECEIPT_ID,SUM_PRICE) values (14,1,64,55);
Insert into MANAGER.RECEIPT_ITEM (MENU_ID,QTY,RECEIPT_ID,SUM_PRICE) values (32,1,64,85);
Insert into MANAGER.RECEIPT_ITEM (MENU_ID,QTY,RECEIPT_ID,SUM_PRICE) values (2,1,64,50);
Insert into MANAGER.RECEIPT_ITEM (MENU_ID,QTY,RECEIPT_ID,SUM_PRICE) values (14,1,65,55);
Insert into MANAGER.RECEIPT_ITEM (MENU_ID,QTY,RECEIPT_ID,SUM_PRICE) values (32,1,65,85);
Insert into MANAGER.RECEIPT_ITEM (MENU_ID,QTY,RECEIPT_ID,SUM_PRICE) values (2,1,65,50);
Insert into MANAGER.RECEIPT_ITEM (MENU_ID,QTY,RECEIPT_ID,SUM_PRICE) values (93,1,121,125);
Insert into MANAGER.RECEIPT_ITEM (MENU_ID,QTY,RECEIPT_ID,SUM_PRICE) values (48,1,121,110);
Insert into MANAGER.RECEIPT_ITEM (MENU_ID,QTY,RECEIPT_ID,SUM_PRICE) values (113,4,121,400);
Insert into MANAGER.RECEIPT_ITEM (MENU_ID,QTY,RECEIPT_ID,SUM_PRICE) values (2,1,122,50);
Insert into MANAGER.RECEIPT_ITEM (MENU_ID,QTY,RECEIPT_ID,SUM_PRICE) values (33,2,122,200);
Insert into MANAGER.RECEIPT_ITEM (MENU_ID,QTY,RECEIPT_ID,SUM_PRICE) values (88,1,123,75);
Insert into MANAGER.RECEIPT_ITEM (MENU_ID,QTY,RECEIPT_ID,SUM_PRICE) values (78,4,123,500);
Insert into MANAGER.RECEIPT_ITEM (MENU_ID,QTY,RECEIPT_ID,SUM_PRICE) values (32,3,126,255);
Insert into MANAGER.RECEIPT_ITEM (MENU_ID,QTY,RECEIPT_ID,SUM_PRICE) values (31,1,126,70);
Insert into MANAGER.RECEIPT_ITEM (MENU_ID,QTY,RECEIPT_ID,SUM_PRICE) values (85,2,127,150);
Insert into MANAGER.RECEIPT_ITEM (MENU_ID,QTY,RECEIPT_ID,SUM_PRICE) values (39,1,127,100);
Insert into MANAGER.RECEIPT_ITEM (MENU_ID,QTY,RECEIPT_ID,SUM_PRICE) values (16,1,128,55);
Insert into MANAGER.RECEIPT_ITEM (MENU_ID,QTY,RECEIPT_ID,SUM_PRICE) values (105,1,128,125);
Insert into MANAGER.RECEIPT_ITEM (MENU_ID,QTY,RECEIPT_ID,SUM_PRICE) values (16,1,132,55);
Insert into MANAGER.RECEIPT_ITEM (MENU_ID,QTY,RECEIPT_ID,SUM_PRICE) values (13,1,132,45);
Insert into MANAGER.RECEIPT_ITEM (MENU_ID,QTY,RECEIPT_ID,SUM_PRICE) values (13,1,133,45);

---------------------------------------------------
--   END DATA FOR TABLE RECEIPT_ITEM
---------------------------------------------------


---------------------------------------------------
--   DATA FOR TABLE RECEIPT_ITEM_EXTRA
--   FILTER = none used
---------------------------------------------------
REM INSERTING into MANAGER.RECEIPT_ITEM_EXTRA

---------------------------------------------------
--   END DATA FOR TABLE RECEIPT_ITEM_EXTRA
---------------------------------------------------


---------------------------------------------------
--   DATA FOR TABLE TYPE
--   FILTER = none used
---------------------------------------------------
REM INSERTING into MANAGER.TYPE
Insert into MANAGER.TYPE (ID,NAME) values (1,'Hot');
Insert into MANAGER.TYPE (ID,NAME) values (2,'Iced');
Insert into MANAGER.TYPE (ID,NAME) values (3,'Blended');

---------------------------------------------------
--   END DATA FOR TABLE TYPE
---------------------------------------------------

--------------------------------------------------------
--  Constraints for Table RECEIPT
--------------------------------------------------------

  ALTER TABLE "MANAGER"."RECEIPT" ADD CONSTRAINT "RECEIPT_PK" PRIMARY KEY ("ID")
  USING INDEX PCTFREE 10 INITRANS 2 MAXTRANS 255 COMPUTE STATISTICS 
  STORAGE(INITIAL 65536 NEXT 1048576 MINEXTENTS 1 MAXEXTENTS 2147483645
  PCTINCREASE 0 FREELISTS 1 FREELIST GROUPS 1 BUFFER_POOL DEFAULT FLASH_CACHE DEFAULT CELL_FLASH_CACHE DEFAULT)
  TABLESPACE "USERS"  ENABLE;
 
  ALTER TABLE "MANAGER"."RECEIPT" MODIFY ("ID" NOT NULL ENABLE);
 
  ALTER TABLE "MANAGER"."RECEIPT" MODIFY ("RECEIPT_DATE" NOT NULL ENABLE);
--------------------------------------------------------
--  Constraints for Table BEVERAGE
--------------------------------------------------------

  ALTER TABLE "MANAGER"."BEVERAGE" ADD CONSTRAINT "BEVERAGE_PK" PRIMARY KEY ("ID")
  USING INDEX PCTFREE 10 INITRANS 2 MAXTRANS 255 COMPUTE STATISTICS 
  STORAGE(INITIAL 65536 NEXT 1048576 MINEXTENTS 1 MAXEXTENTS 2147483645
  PCTINCREASE 0 FREELISTS 1 FREELIST GROUPS 1 BUFFER_POOL DEFAULT FLASH_CACHE DEFAULT CELL_FLASH_CACHE DEFAULT)
  TABLESPACE "USERS"  ENABLE;
 
  ALTER TABLE "MANAGER"."BEVERAGE" MODIFY ("ID" NOT NULL ENABLE);
 
  ALTER TABLE "MANAGER"."BEVERAGE" MODIFY ("NAME" NOT NULL ENABLE);
--------------------------------------------------------
--  Constraints for Table EXTRA
--------------------------------------------------------

  ALTER TABLE "MANAGER"."EXTRA" ADD CONSTRAINT "EXTRA_PK" PRIMARY KEY ("ID")
  USING INDEX PCTFREE 10 INITRANS 2 MAXTRANS 255 COMPUTE STATISTICS 
  STORAGE(INITIAL 65536 NEXT 1048576 MINEXTENTS 1 MAXEXTENTS 2147483645
  PCTINCREASE 0 FREELISTS 1 FREELIST GROUPS 1 BUFFER_POOL DEFAULT FLASH_CACHE DEFAULT CELL_FLASH_CACHE DEFAULT)
  TABLESPACE "USERS"  ENABLE;
 
  ALTER TABLE "MANAGER"."EXTRA" MODIFY ("ID" NOT NULL ENABLE);
 
  ALTER TABLE "MANAGER"."EXTRA" MODIFY ("NAME" NOT NULL ENABLE);
 
  ALTER TABLE "MANAGER"."EXTRA" MODIFY ("PRICE" NOT NULL ENABLE);
--------------------------------------------------------
--  Constraints for Table RECEIPT_ITEM_EXTRA
--------------------------------------------------------

  ALTER TABLE "MANAGER"."RECEIPT_ITEM_EXTRA" ADD CONSTRAINT "RECEIPT_ITEM_EXTRA_PK" PRIMARY KEY ("RECEIPT_ITEM_ID", "EXTRA_ID")
  USING INDEX PCTFREE 10 INITRANS 2 MAXTRANS 255 COMPUTE STATISTICS NOCOMPRESS LOGGING
  TABLESPACE "USERS"  ENABLE;
 
  ALTER TABLE "MANAGER"."RECEIPT_ITEM_EXTRA" MODIFY ("RECEIPT_ITEM_ID" NOT NULL ENABLE);
 
  ALTER TABLE "MANAGER"."RECEIPT_ITEM_EXTRA" MODIFY ("EXTRA_ID" NOT NULL ENABLE);
--------------------------------------------------------
--  Constraints for Table TYPE
--------------------------------------------------------

  ALTER TABLE "MANAGER"."TYPE" MODIFY ("ID" NOT NULL ENABLE);
 
  ALTER TABLE "MANAGER"."TYPE" MODIFY ("NAME" NOT NULL ENABLE);
 
  ALTER TABLE "MANAGER"."TYPE" ADD CONSTRAINT "TYPE_PK" PRIMARY KEY ("ID")
  USING INDEX PCTFREE 10 INITRANS 2 MAXTRANS 255 COMPUTE STATISTICS 
  STORAGE(INITIAL 65536 NEXT 1048576 MINEXTENTS 1 MAXEXTENTS 2147483645
  PCTINCREASE 0 FREELISTS 1 FREELIST GROUPS 1 BUFFER_POOL DEFAULT FLASH_CACHE DEFAULT CELL_FLASH_CACHE DEFAULT)
  TABLESPACE "USERS"  ENABLE;
--------------------------------------------------------
--  Constraints for Table BEVERAGE_TYPE
--------------------------------------------------------

  ALTER TABLE "MANAGER"."BEVERAGE_TYPE" ADD CONSTRAINT "BEVERAGE_TYPE_PK" PRIMARY KEY ("ID")
  USING INDEX PCTFREE 10 INITRANS 2 MAXTRANS 255 COMPUTE STATISTICS 
  STORAGE(INITIAL 65536 NEXT 1048576 MINEXTENTS 1 MAXEXTENTS 2147483645
  PCTINCREASE 0 FREELISTS 1 FREELIST GROUPS 1 BUFFER_POOL DEFAULT FLASH_CACHE DEFAULT CELL_FLASH_CACHE DEFAULT)
  TABLESPACE "USERS"  ENABLE;
 
  ALTER TABLE "MANAGER"."BEVERAGE_TYPE" MODIFY ("BEVERAGE_ID" NOT NULL ENABLE);
 
  ALTER TABLE "MANAGER"."BEVERAGE_TYPE" MODIFY ("TYPE_ID" NOT NULL ENABLE);
 
  ALTER TABLE "MANAGER"."BEVERAGE_TYPE" MODIFY ("ID" NOT NULL ENABLE);
--------------------------------------------------------
--  Constraints for Table RECEIPT_ITEM
--------------------------------------------------------

  ALTER TABLE "MANAGER"."RECEIPT_ITEM" ADD CONSTRAINT "RECEIPT_ITEM_PK" PRIMARY KEY ("RECEIPT_ID", "MENU_ID")
  USING INDEX PCTFREE 10 INITRANS 2 MAXTRANS 255 COMPUTE STATISTICS 
  STORAGE(INITIAL 65536 NEXT 1048576 MINEXTENTS 1 MAXEXTENTS 2147483645
  PCTINCREASE 0 FREELISTS 1 FREELIST GROUPS 1 BUFFER_POOL DEFAULT FLASH_CACHE DEFAULT CELL_FLASH_CACHE DEFAULT)
  TABLESPACE "USERS"  ENABLE;
 
  ALTER TABLE "MANAGER"."RECEIPT_ITEM" MODIFY ("MENU_ID" NOT NULL ENABLE);
 
  ALTER TABLE "MANAGER"."RECEIPT_ITEM" MODIFY ("QTY" NOT NULL ENABLE);
 
  ALTER TABLE "MANAGER"."RECEIPT_ITEM" MODIFY ("RECEIPT_ID" NOT NULL ENABLE);
--------------------------------------------------------
--  Constraints for Table BEVERAGE_EXTRA
--------------------------------------------------------

  ALTER TABLE "MANAGER"."BEVERAGE_EXTRA" ADD CONSTRAINT "BEVERAGE_EXTRA_PK" PRIMARY KEY ("EXTRA_ID", "BEVERAGE_TYPE_ID")
  USING INDEX PCTFREE 10 INITRANS 2 MAXTRANS 255 COMPUTE STATISTICS 
  STORAGE(INITIAL 65536 NEXT 1048576 MINEXTENTS 1 MAXEXTENTS 2147483645
  PCTINCREASE 0 FREELISTS 1 FREELIST GROUPS 1 BUFFER_POOL DEFAULT FLASH_CACHE DEFAULT CELL_FLASH_CACHE DEFAULT)
  TABLESPACE "USERS"  ENABLE;
 
  ALTER TABLE "MANAGER"."BEVERAGE_EXTRA" MODIFY ("BEVERAGE_TYPE_ID" NOT NULL ENABLE);
 
  ALTER TABLE "MANAGER"."BEVERAGE_EXTRA" MODIFY ("EXTRA_ID" NOT NULL ENABLE);
--------------------------------------------------------
--  Constraints for Table MENU
--------------------------------------------------------

  ALTER TABLE "MANAGER"."MENU" ADD CONSTRAINT "MENU_PK" PRIMARY KEY ("ID")
  USING INDEX PCTFREE 10 INITRANS 2 MAXTRANS 255 COMPUTE STATISTICS 
  STORAGE(INITIAL 65536 NEXT 1048576 MINEXTENTS 1 MAXEXTENTS 2147483645
  PCTINCREASE 0 FREELISTS 1 FREELIST GROUPS 1 BUFFER_POOL DEFAULT FLASH_CACHE DEFAULT CELL_FLASH_CACHE DEFAULT)
  TABLESPACE "USERS"  ENABLE;
 
  ALTER TABLE "MANAGER"."MENU" MODIFY ("ID" NOT NULL ENABLE);
 
  ALTER TABLE "MANAGER"."MENU" MODIFY ("BEVERAGE_SIZE" NOT NULL ENABLE);
 
  ALTER TABLE "MANAGER"."MENU" MODIFY ("BEVERAGE_TYPE_ID" NOT NULL ENABLE);
 
  ALTER TABLE "MANAGER"."MENU" MODIFY ("PRICE" NOT NULL ENABLE);
--------------------------------------------------------
--  DDL for Index RECEIPT_PK
--------------------------------------------------------

  CREATE UNIQUE INDEX "MANAGER"."RECEIPT_PK" ON "MANAGER"."RECEIPT" ("ID") 
  PCTFREE 10 INITRANS 2 MAXTRANS 255 COMPUTE STATISTICS 
  STORAGE(INITIAL 65536 NEXT 1048576 MINEXTENTS 1 MAXEXTENTS 2147483645
  PCTINCREASE 0 FREELISTS 1 FREELIST GROUPS 1 BUFFER_POOL DEFAULT FLASH_CACHE DEFAULT CELL_FLASH_CACHE DEFAULT)
  TABLESPACE "USERS" ;
--------------------------------------------------------
--  DDL for Index RECEIPT_ITEM_EXTRA_PK
--------------------------------------------------------

  CREATE UNIQUE INDEX "MANAGER"."RECEIPT_ITEM_EXTRA_PK" ON "MANAGER"."RECEIPT_ITEM_EXTRA" ("RECEIPT_ITEM_ID", "EXTRA_ID") 
  PCTFREE 10 INITRANS 2 MAXTRANS 255 COMPUTE STATISTICS NOCOMPRESS LOGGING
  TABLESPACE "USERS" ;
--------------------------------------------------------
--  DDL for Index MENU_PK
--------------------------------------------------------

  CREATE UNIQUE INDEX "MANAGER"."MENU_PK" ON "MANAGER"."MENU" ("ID") 
  PCTFREE 10 INITRANS 2 MAXTRANS 255 COMPUTE STATISTICS 
  STORAGE(INITIAL 65536 NEXT 1048576 MINEXTENTS 1 MAXEXTENTS 2147483645
  PCTINCREASE 0 FREELISTS 1 FREELIST GROUPS 1 BUFFER_POOL DEFAULT FLASH_CACHE DEFAULT CELL_FLASH_CACHE DEFAULT)
  TABLESPACE "USERS" ;
--------------------------------------------------------
--  DDL for Index BEVERAGE_EXTRA_PK
--------------------------------------------------------

  CREATE UNIQUE INDEX "MANAGER"."BEVERAGE_EXTRA_PK" ON "MANAGER"."BEVERAGE_EXTRA" ("EXTRA_ID", "BEVERAGE_TYPE_ID") 
  PCTFREE 10 INITRANS 2 MAXTRANS 255 COMPUTE STATISTICS 
  STORAGE(INITIAL 65536 NEXT 1048576 MINEXTENTS 1 MAXEXTENTS 2147483645
  PCTINCREASE 0 FREELISTS 1 FREELIST GROUPS 1 BUFFER_POOL DEFAULT FLASH_CACHE DEFAULT CELL_FLASH_CACHE DEFAULT)
  TABLESPACE "USERS" ;
--------------------------------------------------------
--  DDL for Index TYPE_PK
--------------------------------------------------------

  CREATE UNIQUE INDEX "MANAGER"."TYPE_PK" ON "MANAGER"."TYPE" ("ID") 
  PCTFREE 10 INITRANS 2 MAXTRANS 255 COMPUTE STATISTICS 
  STORAGE(INITIAL 65536 NEXT 1048576 MINEXTENTS 1 MAXEXTENTS 2147483645
  PCTINCREASE 0 FREELISTS 1 FREELIST GROUPS 1 BUFFER_POOL DEFAULT FLASH_CACHE DEFAULT CELL_FLASH_CACHE DEFAULT)
  TABLESPACE "USERS" ;
--------------------------------------------------------
--  DDL for Index BEVERAGE_PK
--------------------------------------------------------

  CREATE UNIQUE INDEX "MANAGER"."BEVERAGE_PK" ON "MANAGER"."BEVERAGE" ("ID") 
  PCTFREE 10 INITRANS 2 MAXTRANS 255 COMPUTE STATISTICS 
  STORAGE(INITIAL 65536 NEXT 1048576 MINEXTENTS 1 MAXEXTENTS 2147483645
  PCTINCREASE 0 FREELISTS 1 FREELIST GROUPS 1 BUFFER_POOL DEFAULT FLASH_CACHE DEFAULT CELL_FLASH_CACHE DEFAULT)
  TABLESPACE "USERS" ;
--------------------------------------------------------
--  DDL for Index EXTRA_PK
--------------------------------------------------------

  CREATE UNIQUE INDEX "MANAGER"."EXTRA_PK" ON "MANAGER"."EXTRA" ("ID") 
  PCTFREE 10 INITRANS 2 MAXTRANS 255 COMPUTE STATISTICS 
  STORAGE(INITIAL 65536 NEXT 1048576 MINEXTENTS 1 MAXEXTENTS 2147483645
  PCTINCREASE 0 FREELISTS 1 FREELIST GROUPS 1 BUFFER_POOL DEFAULT FLASH_CACHE DEFAULT CELL_FLASH_CACHE DEFAULT)
  TABLESPACE "USERS" ;
--------------------------------------------------------
--  DDL for Index RECEIPT_ITEM_PK
--------------------------------------------------------

  CREATE UNIQUE INDEX "MANAGER"."RECEIPT_ITEM_PK" ON "MANAGER"."RECEIPT_ITEM" ("RECEIPT_ID", "MENU_ID") 
  PCTFREE 10 INITRANS 2 MAXTRANS 255 COMPUTE STATISTICS 
  STORAGE(INITIAL 65536 NEXT 1048576 MINEXTENTS 1 MAXEXTENTS 2147483645
  PCTINCREASE 0 FREELISTS 1 FREELIST GROUPS 1 BUFFER_POOL DEFAULT FLASH_CACHE DEFAULT CELL_FLASH_CACHE DEFAULT)
  TABLESPACE "USERS" ;
--------------------------------------------------------
--  DDL for Index BEVERAGE_TYPE_PK
--------------------------------------------------------

  CREATE UNIQUE INDEX "MANAGER"."BEVERAGE_TYPE_PK" ON "MANAGER"."BEVERAGE_TYPE" ("ID") 
  PCTFREE 10 INITRANS 2 MAXTRANS 255 COMPUTE STATISTICS 
  STORAGE(INITIAL 65536 NEXT 1048576 MINEXTENTS 1 MAXEXTENTS 2147483645
  PCTINCREASE 0 FREELISTS 1 FREELIST GROUPS 1 BUFFER_POOL DEFAULT FLASH_CACHE DEFAULT CELL_FLASH_CACHE DEFAULT)
  TABLESPACE "USERS" ;









